<?xml version="1.0" encoding="UTF-8"?>
<config xmlns="http://www.knime.org/2008/09/XMLConfig" xmlns:xsi="http://www.w3.org/2001/XMLSchema-instance" xsi:schemaLocation="http://www.knime.org/2008/09/XMLConfig http://www.knime.org/XMLConfig_2008_09.xsd" key="settings.xml">
<entry key="name" type="xstring" value="Java Snippet"/>
<config key="model">
<entry key="scriptImports" type="xstring" value="// Your custom imports:%%00010"/>
<entry key="scriptFields" type="xstring" value="// Your custom variables:%%00010long acc = 1L;"/>
<entry key="scriptBody" type="xstring" value="// Enter your code here:%%00010out_modulo = (int)acc;%%00010acc *= c_numberOf;%%00010if ((int)acc != acc) {%%00010%%00009throw new Abort(&quot;Too large table to generate! Size at least: &quot; + acc);%%00010}%%00010out_cumula = (int)acc;%%00010"/>
<config key="jarFiles">
<entry key="array-size" type="xint" value="0"/>
</config>
<config key="outCols">
<entry key="array-size" type="xint" value="2"/>
<config key="0">
<entry key="Name" type="xstring" value="cumulativeProduct"/>
<entry key="JavaName" type="xstring" value="out_cumula"/>
<entry key="JavaType" type="xstring" value="java.lang.Integer"/>
<config key="Type">
<entry key="cell_class" type="xstring" value="org.knime.core.data.def.IntCell"/>
<entry key="is_null" type="xboolean" value="false"/>
</config>
<entry key="replaceExisting" type="xboolean" value="false"/>
</config>
<config key="1">
<entry key="Name" type="xstring" value="modulo"/>
<entry key="JavaName" type="xstring" value="out_modulo"/>
<entry key="JavaType" type="xstring" value="java.lang.Integer"/>
<config key="Type">
<entry key="cell_class" type="xstring" value="org.knime.core.data.def.IntCell"/>
<entry key="is_null" type="xboolean" value="false"/>
</config>
<entry key="replaceExisting" type="xboolean" value="false"/>
</config>
</config>
<config key="outVars">
<entry key="array-size" type="xint" value="0"/>
</config>
<config key="inCols">
<entry key="array-size" type="xint" value="1"/>
<config key="0">
<entry key="Name" type="xstring" value="numberOfPoints"/>
<entry key="JavaName" type="xstring" value="c_numberOf"/>
<entry key="JavaType" type="xstring" value="java.lang.Integer"/>
<config key="Type">
<entry key="cell_class" type="xstring" value="org.knime.core.data.def.IntCell"/>
<entry key="is_null" type="xboolean" value="false"/>
</config>
</config>
</config>
<config key="inVars">
<entry key="array-size" type="xint" value="0"/>
</config>
<entry key="version" type="xstring" value="version 1.x"/>
<entry key="templateUUID" type="xstring" isnull="true" value=""/>
</config>
<entry key="hasContent" type="xboolean" value="true"/>
<entry key="isInactive" type="xboolean" value="false"/>
<config key="ports">
<config key="port_1">
<entry key="index" type="xint" value="1"/>
<entry key="port_spec_class" type="xstring" value="org.knime.core.data.DataTableSpec"/>
<entry key="port_object_class" type="xstring" value="org.knime.core.node.BufferedDataTable"/>
<entry key="port_object_summary" type="xstring" value="Rows: 3, Cols: 6"/>
<entry key="port_dir_location" type="xstring" value="port_1"/>
</config>
</config>
<config key="filestores">
<entry key="file_store_location" type="xstring" isnull="true" value=""/>
<entry key="file_store_id" type="xstring" value="67f92d9a-4e34-420b-83f5-46f67fec3e6a"/>
</config>
</config>
