<?xml version="1.0" encoding="UTF-8"?>
<config xmlns="http://www.knime.org/2008/09/XMLConfig" xmlns:xsi="http://www.w3.org/2001/XMLSchema-instance" xsi:schemaLocation="http://www.knime.org/2008/09/XMLConfig http://www.knime.org/XMLConfig_2008_09.xsd" key="settings.xml">
<entry key="name" type="xstring" value="Table Creator"/>
<config key="model">
<config key="rowIndices">
<entry key="array-size" type="xint" value="8"/>
<entry key="0" type="xint" value="0"/>
<entry key="1" type="xint" value="1"/>
<entry key="2" type="xint" value="2"/>
<entry key="3" type="xint" value="3"/>
<entry key="4" type="xint" value="4"/>
<entry key="5" type="xint" value="5"/>
<entry key="6" type="xint" value="6"/>
<entry key="7" type="xint" value="8"/>
</config>
<config key="columnIndices">
<entry key="array-size" type="xint" value="8"/>
<entry key="0" type="xint" value="0"/>
<entry key="1" type="xint" value="0"/>
<entry key="2" type="xint" value="0"/>
<entry key="3" type="xint" value="0"/>
<entry key="4" type="xint" value="0"/>
<entry key="5" type="xint" value="0"/>
<entry key="6" type="xint" value="0"/>
<entry key="7" type="xint" value="0"/>
</config>
<config key="values">
<entry key="array-size" type="xint" value="8"/>
<entry key="0" type="xstring" value="(1, 3)"/>
<entry key="1" type="xstring" value="(1, 6)"/>
<entry key="2" type="xstring" value="(2, 3)"/>
<entry key="3" type="xstring" value="(2, 4)"/>
<entry key="4" type="xstring" value="(3, 5)"/>
<entry key="5" type="xstring" value="(3, 6)"/>
<entry key="6" type="xstring" value="(5, 6)"/>
<entry key="7" type="xstring" value="something not matching"/>
</config>
<entry key="rowIdPrefix" type="xstring" value="Row"/>
<entry key="rowIdSuffix" type="xstring" value=""/>
<entry key="rowIdStartValue" type="xint" value="1"/>
<entry key="highlightOutputTable" type="xboolean" value="false"/>
<config key="columnProperties">
<config key="0">
<entry key="UserSetValues" type="xboolean" value="true"/>
<entry key="MissValuePattern" type="xstring" value=""/>
<entry key="ReadPossValsFromFile" type="xboolean" value="false"/>
<entry key="SkipThisColumn" type="xboolean" value="false"/>
<entry key="ColumnName" type="xstring" value="edge"/>
<config key="ColumnClass">
<entry key="cell_class" type="xstring" value="org.knime.core.data.def.StringCell"/>
<entry key="is_null" type="xboolean" value="false"/>
</config>
</config>
</config>
</config>
<entry key="hasContent" type="xboolean" value="true"/>
<entry key="isInactive" type="xboolean" value="false"/>
<config key="ports">
<config key="port_1">
<entry key="index" type="xint" value="1"/>
<entry key="port_spec_class" type="xstring" value="org.knime.core.data.DataTableSpec"/>
<entry key="port_object_class" type="xstring" value="org.knime.core.node.BufferedDataTable"/>
<entry key="port_object_summary" type="xstring" value="Rows: 9, Cols: 1"/>
<entry key="port_dir_location" type="xstring" value="port_1"/>
</config>
</config>
<config key="filestores">
<entry key="file_store_location" type="xstring" isnull="true" value=""/>
<entry key="file_store_id" type="xstring" value="7fefb742-2be3-4744-b76a-dd6693645816"/>
</config>
</config>
