<?xml version="1.0" encoding="UTF-8"?>
<config xmlns="http://www.knime.org/2008/09/XMLConfig" xmlns:xsi="http://www.w3.org/2001/XMLSchema-instance" xsi:schemaLocation="http://www.knime.org/2008/09/XMLConfig http://www.knime.org/XMLConfig_2008_09.xsd" key="settings.xml">
<entry key="name" type="xstring" value="Database Connector"/>
<config key="model">
<entry key="statement" type="xstring" value="SELECT o.city as officeCity, o.phone as officePhone, o.state as officeState, o.country as officeCountry, o.postalcode as officePostalCode, e.*, c.* FROM offices o join employees e on o.officecode = e.officecode left outer join customers c on (e.employeenumber = c.salesrepemployeenumber)"/>
<entry key="driver" type="xstring" value="org.apache.derby.jdbc.ClientDriver40"/>
<entry key="database" type="xstring" value="jdbc:derby://localhost:1527/BirtSample"/>
<entry key="user" type="xstring" value="ClassicModels"/>
<entry key="password" type="xstring" value="PJTgHpW/mYN3GPERQSMrYw=="/>
</config>
<config key="variables">
<config key="database">
<entry key="used_variable" type="xstring" value="Derby JDBC connection"/>
<entry key="exposed_variable" type="xstring" isnull="true" value=""/>
</config>
</config>
<entry key="hasContent" type="xboolean" value="true"/>
<entry key="isInactive" type="xboolean" value="false"/>
<config key="ports">
<config key="port_1">
<entry key="index" type="xint" value="1"/>
<entry key="port_spec_class" type="xstring" value="org.knime.core.node.port.database.DatabasePortObjectSpec"/>
<entry key="port_object_class" type="xstring" value="org.knime.core.node.port.database.DatabasePortObject"/>
<entry key="port_object_summary" type="xstring" value="No. of columns: 26"/>
<entry key="port_spec_location" type="xstring" value="spec/spec.zip"/>
<entry key="port_object_location" type="xstring" value="object/portobject.zip"/>
<entry key="port_dir_location" type="xstring" value="port_1"/>
</config>
</config>
<config key="filestores">
<entry key="file_store_location" type="xstring" isnull="true" value=""/>
<entry key="file_store_id" type="xstring" value="7c5133e5-3bf4-43e6-81ac-4d28375696a5"/>
</config>
</config>
