<?xml version="1.0" encoding="UTF-8"?>
<config xmlns="http://www.knime.org/2008/09/XMLConfig" xmlns:xsi="http://www.w3.org/2001/XMLSchema-instance" xsi:schemaLocation="http://www.knime.org/2008/09/XMLConfig http://www.knime.org/XMLConfig_2008_09.xsd" key="settings.xml">
<entry key="name" type="xstring" value="Integer Input"/>
<config key="model">
<entry key="label" type="xstring" value="Sliding window size"/>
<entry key="description" type="xstring" value="How long should the window look back?"/>
<entry key="variableName" type="xstring" value="sliding_window"/>
<entry key="weight" type="xint" value="1"/>
<entry key="hide_in_wizard" type="xboolean" value="false"/>
<config key="value">
<entry key="value" type="xint" value="10"/>
</config>
</config>
<entry key="hasContent" type="xboolean" value="true"/>
<entry key="isInactive" type="xboolean" value="false"/>
<config key="ports">
<config key="port_1">
<entry key="index" type="xint" value="1"/>
<entry key="port_spec_class" type="xstring" value="org.knime.core.node.port.flowvariable.FlowVariablePortObjectSpec"/>
<entry key="port_object_class" type="xstring" value="org.knime.core.node.port.flowvariable.FlowVariablePortObject"/>
<entry key="port_object_summary" type="xstring" value="Variables connection"/>
<entry key="port_spec_location" type="xstring" value="spec/spec.zip"/>
<entry key="port_object_location" type="xstring" value="object/portobject.zip"/>
<entry key="port_dir_location" type="xstring" value="port_1"/>
</config>
</config>
<config key="filestores">
<entry key="file_store_location" type="xstring" isnull="true" value=""/>
<entry key="file_store_id" type="xstring" value="52b17efb-bbe9-4ea1-a0cb-6974bf30fe45"/>
</config>
</config>
