<?xml version="1.0" encoding="UTF-8"?>
<config xmlns="http://www.knime.org/2008/09/XMLConfig" xmlns:xsi="http://www.w3.org/2001/XMLSchema-instance" xsi:schemaLocation="http://www.knime.org/2008/09/XMLConfig http://www.knime.org/XMLConfig_2008_09.xsd" key="settings.xml">
<entry key="name" type="xstring" value="Database Looping"/>
<config key="model">
<entry key="statement" type="xstring" value="SELECT * FROM customers WHERE country IN ('#PLACE_HOLDER_DO_NOT_EDIT#')"/>
<entry key="driver" type="xstring" value="org.apache.derby.jdbc.ClientDriver40"/>
<entry key="database" type="xstring" value="jdbc:derby://localhost:1527/BirtSample"/>
<entry key="user" type="xstring" value="ClassicModels"/>
<entry key="password" type="xstring" value="PJTgHpW/mYN3GPERQSMrYw=="/>
<entry key="execute_without_configure" type="xboolean" value="false"/>
<config key="column_selection_Internals">
<entry key="SettingsModelID" type="xstring" value="SMID_string"/>
<entry key="EnabledStatus" type="xboolean" value="true"/>
</config>
<entry key="column_selection" type="xstring" value="countries"/>
<config key="aggregate_by_row_Internals">
<entry key="SettingsModelID" type="xstring" value="SMID_boolean"/>
<entry key="EnabledStatus" type="xboolean" value="true"/>
</config>
<entry key="aggregate_by_row" type="xboolean" value="true"/>
<config key="append_grid_column_Internals">
<entry key="SettingsModelID" type="xstring" value="SMID_boolean"/>
<entry key="EnabledStatus" type="xboolean" value="true"/>
</config>
<entry key="append_grid_column" type="xboolean" value="true"/>
<config key="values_per_query_Internals">
<entry key="SettingsModelID" type="xstring" value="SMID_integer"/>
<entry key="EnabledStatus" type="xboolean" value="true"/>
</config>
<entry key="values_per_query" type="xint" value="1"/>
</config>
<config key="variables">
<config key="database">
<entry key="used_variable" type="xstring" value="Derby JDBC connection"/>
<entry key="exposed_variable" type="xstring" isnull="true" value=""/>
</config>
</config>
<entry key="hasContent" type="xboolean" value="true"/>
<entry key="isInactive" type="xboolean" value="false"/>
<config key="ports">
<config key="port_1">
<entry key="index" type="xint" value="1"/>
<entry key="port_spec_class" type="xstring" value="org.knime.core.data.DataTableSpec"/>
<entry key="port_object_class" type="xstring" value="org.knime.core.node.BufferedDataTable"/>
<entry key="port_object_summary" type="xstring" value="Rows: 2, Cols: 14"/>
<entry key="port_dir_location" type="xstring" value="port_1"/>
</config>
</config>
<config key="filestores">
<entry key="file_store_location" type="xstring" isnull="true" value=""/>
<entry key="file_store_id" type="xstring" value="705f4e0c-05e8-4560-a41d-582b0f93829e"/>
</config>
</config>
