<?xml version="1.0" encoding="UTF-8"?>
<config xmlns="http://www.knime.org/2008/09/XMLConfig" xmlns:xsi="http://www.w3.org/2001/XMLSchema-instance" xsi:schemaLocation="http://www.knime.org/2008/09/XMLConfig http://www.knime.org/XMLConfig_2008_09.xsd" key="settings.xml">
<entry key="name" type="xstring" value="Add Empty Rows"/>
<config key="model">
<entry key="atLeastMode" type="xboolean" value="true"/>
<entry key="rowCount" type="xint" value="539"/>
<entry key="newRowKeyPrefix" type="xstring" value="Row"/>
<config key="double">
<entry key="useMissing" type="xboolean" value="true"/>
<entry key="fillValue" type="xdouble" value="0.0"/>
</config>
<config key="int">
<entry key="useMissing" type="xboolean" value="true"/>
<entry key="fillValue" type="xint" value="0"/>
</config>
<config key="String">
<entry key="useMissing" type="xboolean" value="true"/>
<entry key="fillValue" type="xstring" value=""/>
</config>
</config>
<config key="variables">
<config key="rowCount">
<entry key="used_variable" type="xstring" value="cumulativeProduct"/>
<entry key="exposed_variable" type="xstring" isnull="true" value=""/>
</config>
</config>
<entry key="hasContent" type="xboolean" value="true"/>
<entry key="isInactive" type="xboolean" value="false"/>
<config key="ports">
<config key="port_1">
<entry key="index" type="xint" value="1"/>
<entry key="port_spec_class" type="xstring" value="org.knime.core.data.DataTableSpec"/>
<entry key="port_object_class" type="xstring" value="org.knime.core.node.BufferedDataTable"/>
<entry key="port_object_summary" type="xstring" value="Rows: 539, Cols: 3"/>
<entry key="port_dir_location" type="xstring" value="port_1"/>
</config>
</config>
<config key="filestores">
<entry key="file_store_location" type="xstring" isnull="true" value=""/>
<entry key="file_store_id" type="xstring" value="8c698896-df25-4ed3-9f5a-346651f1bd8f"/>
</config>
</config>
