<?xml version="1.0" encoding="UTF-8"?>
<config xmlns="http://www.knime.org/2008/09/XMLConfig" xmlns:xsi="http://www.w3.org/2001/XMLSchema-instance" xsi:schemaLocation="http://www.knime.org/2008/09/XMLConfig http://www.knime.org/XMLConfig_2008_09.xsd" key="settings.xml">
<entry key="name" type="xstring" value="Java Snippet"/>
<config key="model">
<entry key="scriptImports" type="xstring" value="// Your custom imports:%%00010import java.util.regex.*;"/>
<entry key="scriptFields" type="xstring" value="// Your custom variables:%%00010Pattern tuplePattern = Pattern.compile(&quot;\\((\\d+),\\s*(\\d+)\\)&quot;);"/>
<entry key="scriptBody" type="xstring" value="// Enter your code here:%%00010if (c_edge != null) {%%00010%%00009Matcher m = tuplePattern.matcher(c_edge);%%00010%%00009if (m.matches()) {%%00010%%00009%%00009out_edge = m.replaceFirst(&quot;($2, $1)&quot;);%%00010%%00009} else {%%00010%%00009%%00009out_edge = &quot;NA&quot;;%%00010%%00009}%%00010} else {%%00010%%00009out_edge = null;%%00010}"/>
<config key="jarFiles">
<entry key="array-size" type="xint" value="0"/>
</config>
<config key="outCols">
<entry key="array-size" type="xint" value="1"/>
<config key="0">
<entry key="Name" type="xstring" value="edge"/>
<entry key="JavaName" type="xstring" value="out_edge"/>
<entry key="JavaType" type="xstring" value="java.lang.String"/>
<config key="Type">
<entry key="cell_class" type="xstring" value="org.knime.core.data.def.StringCell"/>
<entry key="is_null" type="xboolean" value="false"/>
</config>
<entry key="replaceExisting" type="xboolean" value="true"/>
</config>
</config>
<config key="outVars">
<entry key="array-size" type="xint" value="0"/>
</config>
<config key="inCols">
<entry key="array-size" type="xint" value="1"/>
<config key="0">
<entry key="Name" type="xstring" value="edge"/>
<entry key="JavaName" type="xstring" value="c_edge"/>
<entry key="JavaType" type="xstring" value="java.lang.String"/>
<config key="Type">
<entry key="cell_class" type="xstring" value="org.knime.core.data.def.StringCell"/>
<entry key="is_null" type="xboolean" value="false"/>
</config>
</config>
</config>
<config key="inVars">
<entry key="array-size" type="xint" value="0"/>
</config>
<entry key="version" type="xstring" value="version 1.x"/>
<entry key="templateUUID" type="xstring" isnull="true" value=""/>
</config>
<entry key="hasContent" type="xboolean" value="true"/>
<entry key="isInactive" type="xboolean" value="false"/>
<config key="ports">
<config key="port_1">
<entry key="index" type="xint" value="1"/>
<entry key="port_spec_class" type="xstring" value="org.knime.core.data.DataTableSpec"/>
<entry key="port_object_class" type="xstring" value="org.knime.core.node.BufferedDataTable"/>
<entry key="port_object_summary" type="xstring" value="Rows: 9, Cols: 1"/>
<entry key="port_dir_location" type="xstring" value="port_1"/>
</config>
</config>
<config key="filestores">
<entry key="file_store_location" type="xstring" isnull="true" value=""/>
<entry key="file_store_id" type="xstring" value="6d5726ab-d8fe-4ee3-908d-61a3751c1510"/>
</config>
</config>
