<?xml version="1.0" encoding="UTF-8"?>
<config xmlns="http://www.knime.org/2008/09/XMLConfig" xmlns:xsi="http://www.w3.org/2001/XMLSchema-instance" xsi:schemaLocation="http://www.knime.org/2008/09/XMLConfig http://www.knime.org/XMLConfig_2008_09.xsd" key="settings.xml">
<entry key="name" type="xstring" value="Group Loop Start"/>
<config key="model">
<config key="GroupColNames_Internals">
<entry key="SettingsModelID" type="xstring" value="SMID_columnfilter"/>
<entry key="EnabledStatus" type="xboolean" value="true"/>
</config>
<config key="GroupColNames">
<entry key="filter-type" type="xstring" value="STANDARD"/>
<config key="included_names">
<entry key="array-size" type="xint" value="1"/>
<entry key="0" type="xstring" value="Cluster Membership"/>
</config>
<config key="excluded_names">
<entry key="array-size" type="xint" value="4"/>
<entry key="0" type="xstring" value="Universe_0_0"/>
<entry key="1" type="xstring" value="Universe_0_1"/>
<entry key="2" type="xstring" value="Universe_1_0"/>
<entry key="3" type="xstring" value="Universe_1_1"/>
</config>
<entry key="enforce_option" type="xstring" value="EnforceExclusion"/>
</config>
<config key="SortedInput_Internals">
<entry key="SettingsModelID" type="xstring" value="SMID_boolean"/>
<entry key="EnabledStatus" type="xboolean" value="true"/>
</config>
<entry key="SortedInput" type="xboolean" value="false"/>
</config>
<entry key="hasContent" type="xboolean" value="true"/>
<entry key="isInactive" type="xboolean" value="false"/>
<config key="ports">
<config key="port_1">
<entry key="index" type="xint" value="1"/>
<entry key="port_spec_class" type="xstring" value="org.knime.core.data.DataTableSpec"/>
<entry key="port_object_class" type="xstring" value="org.knime.core.node.BufferedDataTable"/>
<entry key="port_object_summary" type="xstring" value="Rows: 1350, Cols: 5"/>
<entry key="port_dir_location" type="xstring" value="port_1"/>
</config>
</config>
<config key="filestores">
<entry key="file_store_location" type="xstring" isnull="true" value=""/>
<entry key="file_store_id" type="xstring" value="ab7781b6-95d3-489b-9daa-2df0abbf57b2"/>
</config>
</config>
